** written by FreeCAD inp file writer for CalculiX,Abaqus meshes
** highest dimension mesh elements only.

** Nodes
*Node, NSET=Nall
1, 10, 3e-15, 110
2, 12.14656284906, 2.093158272779, 110
3, 13.90406133079, 4.518472679441, 110
4, 14.90145143136, 7.329830340432, 110
5, 14.6253779461, 10.28855255127, 110
6, 13.10978996576, 12.85722673918, 110
7, 10.91875014373, 14.89931750464, 110
8, 8.493844934255, 16.6661323859, 110
9, 6.059345668312, 18.41996236654, 110
10, 3.836166844275, 20.42712337127, 110
11, 2.33786098681, 22.99719409098, 110
12, 2.347212781649, 25.96267197026, 110
13, 3.486752374731, 28.72783977344, 110
14, 5.245886899607, 31.15234859741, 110
15, 7.517420425985, 33.099359696, 110
16, 10.33018707261, 34.01865023262, 110
17, 13.01963009843, 32.83486767886, 110
18, 15.02349332691, 30.60816037262, 110
19, 16.75383159337, 28.15696843994, 110
20, 18.52457120633, 25.73462960425, 110
21, 20.72248774171, 23.7169955192, 110
22, 23.625514675, 23.44441367447, 110
23, 26.33241431615, 24.71570281763, 110
24, 28.82298380292, 26.38880249925, 110
25, 31.30166922602, 28.07987319947, 110
26, 33.92342204869, 29.53262388187, 110
27, 36.76326579109, 30.48476642818, 110
28, 39.7371513729, 30.83568000737, 110
29, 42.71999180754, 30.56770448387, 110
30, 45.59403292456, 29.72277223147, 110
31, 48.27688615589, 28.38683623762, 110
32, 50.81203029562, 26.78278717088, 110
33, 53.35449126926, 25.19115677507, 110
34, 56.07102553372, 23.92900383426, 110
35, 59.01761334823, 23.45660005217, 110
36, 61.89886621866, 24.18914945735, 110
37, 64.16608803437, 26.12870808113, 110
38, 65.92847888162, 28.55529772098, 110
39, 67.48707947658, 31.01600143739, 110
40, 68.41247315458, 32.31055563077, 110
41, 69.22775494145, 33.11166750607, 110
42, 69.87499981402, 33.38766485745, 110
43, 70.39817027471, 33.31705528861, 110
44, 71.13174890605, 32.81095951098, 110
45, 71.85244500481, 31.97089782495, 110
46, 72.87725149664, 30.44827075104, 110
47, 74.29243339075, 28.21753907547, 110
48, 76.10084378444, 25.82583830309, 110
49, 78.46264139096, 24.01059203233, 110
50, 81.38539130163, 23.45684764435, 110
51, 84.30898301774, 24.06402473032, 110
52, 86.99392098632, 25.39355712112, 110
53, 89.52566364408, 27.00305076058, 110
54, 92.07234439955, 28.58831853876, 110
55, 94.78210409666, 29.86760546915, 110
56, 97.67659356206, 30.63932765725, 110
57, 100.665674888, 30.82498105465, 110
58, 103.6282888765, 30.39009685992, 110
59, 106.4415736091, 29.36261500046, 110
60, 109.0378152573, 27.86263506589, 110
61, 111.5101061021, 26.16257673775, 110
62, 114.0165192585, 24.51432405395, 110
63, 116.7685550241, 23.35298235577, 110
64, 119.6178633795, 23.93606102968, 110
65, 121.70544382, 26.07583514202, 110
66, 123.4360507606, 28.52736912335, 110
67, 125.1791323628, 30.96894000419, 110
68, 127.267352087, 33.11203890315, 110
69, 130.0576485713, 34.0045897263, 110
70, 132.8323536262, 32.94158920709, 110
71, 135.0904760594, 30.97725368475, 110
72, 136.8197195919, 28.53272501085, 110
73, 137.8171471594, 25.71744030242, 110
74, 137.4013194649, 22.79722611447, 110
75, 135.5445287949, 20.46203372731, 110
76, 133.1806090611, 18.61800533028, 110
77, 130.711288923, 16.91357347451, 110
78, 128.3859867592, 15.02245750162, 110
79, 126.8847860094, 12.47828758145, 110
80, 127.1531055165, 9.518336021653, 110
81, 128.1802837213, 6.700200763755, 110
82, 129.2544720151, 3.899040180372, 110
83, 129.9437311834, 0.9849323876775, 110
84, 129.7811570585, -1.997696046571, 110
85, 128.9083383457, -4.86498557851, 110
86, 127.8001639647, -7.65342334193, 110
87, 126.9168222805, -10.51544058922, 110
88, 127.2102643963, -13.44774289815, 110
89, 129.1429502549, -15.71593109521, 110
90, 131.5537599391, -17.4997337353, 110
91, 134.013639443, -19.21727310515, 110
92, 136.2717721927, -21.18564902527, 110
93, 137.7540524304, -23.75835353431, 110
94, 137.5875653838, -26.7168530126, 110
95, 136.2937290046, -29.41399093739, 110
96, 134.3754397035, -31.7133283629, 110
97, 131.9408132165, -33.44867366749, 110
98, 129.0373218818, -33.94855431001, 110
99, 126.4868471741, -32.44591719279, 110
100, 124.5631041793, -30.14818516725, 110
101, 122.8574923094, -27.67957238013, 110
102, 121.0579709669, -25.27987111691, 110
103, 118.7144837662, -23.45845384, 110
104, 115.7851246515, -23.64178740924, 110
105, 113.1441953083, -25.05516430068, 110
106, 110.6698232221, -26.75173452739, 110
107, 108.1711795649, -28.41265438906, 110
108, 105.5025922456, -29.77589059676, 110
109, 102.6253354038, -30.60686063181, 110
110, 99.63917474185, -30.82896694137, 110
111, 96.66988027096, -30.43696426656, 110
112, 93.83053957211, -29.48134421534, 110
113, 91.18858984872, -28.06475642408, 110
114, 88.66639009768, -26.44020933726, 110
115, 86.09976647438, -24.88800094953, 110
116, 83.33096391054, -23.75075630335, 110
117, 80.35867381193, -23.49581548279, 110
118, 77.57376108928, -24.5175630862, 110
119, 75.51852045244, -26.6855138827, 110
120, 73.98949050367, -29.17874912855, 110
121, 72.93253944688, -31.14276024769, 110
122, 72.10355547943, -32.57099642069, 110
123, 71.43716061718, -33.45569881672, 110
124, 70.77809833336, -33.94657956476, 110
125, 70.26585895854, -33.99649699357, 110
126, 69.48959620638, -33.56110219189, 110
127, 68.61867201991, -32.56716535191, 110
128, 67.34096533085, -30.63670970803, 110
129, 65.72230570111, -28.10956440955, 110
130, 63.86936286943, -25.75275416059, 110
131, 61.47109388835, -23.98472034308, 110
132, 58.54223642163, -23.4589306713, 110
133, 55.62382019936, -24.08912803927, 110
134, 52.94431094866, -25.43106953415, 110
135, 50.41432344413, -27.04281445724, 110
136, 47.86499445484, -28.62374666424, 110
137, 45.15034816507, -29.89277735095, 110
138, 42.25256389805, -30.65160543263, 110
139, 39.26270940862, -30.82213088232, 110
140, 36.30223907249, -30.37158313445, 110
141, 33.49346060626, -29.33109532867, 110
142, 30.90049751759, -27.82578191734, 110
143, 28.42686874593, -26.12712872346, 110
144, 25.9161994327, -24.48492688386, 110
145, 23.1575261863, -23.34191278237, 110
146, 20.32324459585, -23.9844105076, 110
147, 18.2702377472, -26.15718284023, 110
148, 16.55823739089, -28.62191764624, 110
149, 14.81287658707, -31.06215134175, 110
150, 12.69411049318, -33.17308643524, 110
151, 9.880504621133, -34.00253920868, 110
152, 7.088167473787, -32.97779268503, 110
153, 4.784775547298, -31.06751842318, 110
154, 3.02562708846, -28.64561793388, 110
155, 2.081758512572, -25.81655905982, 110
156, 2.697779927256, -22.93717639929, 110
157, 4.691937315106, -20.71509142459, 110
158, 7.117569690827, -18.95128975852, 110
159, 9.630201664758, -17.31003076101, 110
160, 11.97444623045, -15.44476253991, 110
161, 12.91215726154, -12.75035440049, 110
162, 11.33877225772, -10.21685727836, 110
163, 9.450602701915, -7.885125513002, 110
164, 8.016077807706, -5.26526017635, 110
165, 8.151164352161, -2.338299527564, 110
166, 13.19694739871, -0.5059530805025, 110
167, 15.20908864723, 1.95479660523, 110
168, 17.20862691512, 4.998402463051, 110
169, 17.72622162281, 9.115803143341, 110
170, 16.77897585077, 13.15076072278, 110
171, 14.30815737612, 15.98874963542, 110
172, 11.65604058022, 18.15874952126, 110
173, 8.902019682294, 19.77151952136, 110
174, 6.455612381322, 21.07546399235, 110
175, 5.244302347767, 23.85865398981, 110
176, 5.49358444274, 27.34816225694, 110
177, 7.872091365709, 29.30706095047, 110
178, 10.4472021103, 30.86374975574, 110
179, 13.25624051752, 28.57288035132, 110
180, 15.54002697038, 25.58974799828, 110
181, 17.37391731657, 22.91094949276, 110
182, 22.50578299267, 20.85865261078, 110
183, 25.66882550408, 21.71507211188, 110
184, 28.49475422537, 23.13373812853, 110
185, 31.10243745185, 24.73326760773, 110
186, 33.66637327828, 26.26709452195, 110
187, 36.33288058102, 27.55077701477, 110
188, 39.69552058324, 28.13877408912, 110
189, 42.94384008094, 27.28223068238, 110
190, 45.72208070553, 26.10402295659, 110
191, 48.35636518295, 24.62791687009, 110
192, 51.01026369245, 22.93563167818, 110
193, 53.98535548135, 21.02424748081, 110
194, 57.54169542434, 20.91513251924, 110
195, 61.23905534974, 20.94007503043, 110
196, 64.90878556292, 22.69932330961, 110
197, 67.05772826981, 25.57105071308, 110
198, 68.59112235617, 28.40812521707, 110
199, 69.56675209648, 31.94481886176, 110
200, 70.14228387976, 32.6786022578, 110
201, 70.7113311815, 31.86242654872, 110
202, 71.25705270238, 30.59334734244, 110
203, 73.18693715852, 25.41996684906, 110
204, 75.47407473233, 22.63005628929, 110
205, 79.22517977572, 21.04059532131, 110
206, 83.25666214254, 20.83842394794, 110
207, 86.51626154968, 22.22745482386, 110
208, 89.273601183, 23.75512900981, 110
209, 91.88061380164, 25.29227444734, 110
210, 94.47404691987, 26.67739761162, 110
211, 97.18543213476, 27.77492762099, 110
212, 100.5660420187, 28.16258913241, 110
213, 103.7681124857, 27.11086247265, 110
214, 106.4825447173, 25.77972619101, 110
215, 109.0676457628, 24.22528662265, 110
216, 111.7016156682, 22.56351299876, 110
217, 114.6856016654, 20.87004068885, 110
218, 118.1565876704, 20.82034213906, 110
219, 122.9580907038, 23.09857425915, 110
220, 124.7655171266, 25.74527009078, 110
221, 126.6272116393, 28.24376752589, 110
222, 128.5119918165, 30.72721232676, 110
223, 131.5466989112, 30.625891263, 110
224, 133.2805712525, 27.98338726928, 110
225, 134.9474878521, 25.31038121836, 110
226, 133.6557067278, 22.25422569294, 110
227, 130.5665440018, 20.52011949059, 110
228, 127.8967960907, 18.05115663196, 110
229, 125.5235647519, 15.9847550985, 110
230, 124.1874051663, 10.50808639145, 110
231, 124.966206834, 7.435649290525, 110
232, 125.8054862549, 4.456960522803, 110
233, 126.4764797152, 1.40734709911, 110
234, 126.8380171772, -1.998270317093, 110
235, 125.9029269022, -5.507712220891, 110
236, 124.8664119232, -8.513286670534, 110
237, 124.2495317696, -11.66662407414, 110
238, 126.2966598261, -16.778273152, 110
239, 128.7156097396, -18.7601296545, 110
240, 131.0744217097, -20.65869506924, 110
241, 133.2801484717, -22.60209602229, 110
242, 135.263800936, -24.71891604137, 110
243, 134.532649284, -27.88792910962, 110
244, 132.0906952187, -29.56437053893, 110
245, 129.4720668171, -30.92191726951, 110
246, 127.3055412309, -28.8217147914, 110
247, 125.3402605856, -26.60044672148, 110
248, 123.3722960991, -24.45235231026, 110
249, 121.2871752148, -22.77741958729, 110
250, 116.716442185, -20.79796846988, 110
251, 113.6312898498, -21.91656278283, 110
252, 110.8697337957, -23.43586694947, 110
253, 108.2957870964, -25.08343327998, 110
254, 105.7255991688, -26.67654479613, 110
255, 102.4549535035, -27.80226838583, 110
256, 99.15834609866, -27.53928461801, 110
257, 96.26563979795, -26.8420013633, 110
258, 93.56714871559, -25.67667200265, 110
259, 90.97626623375, -24.17258411485, 110
260, 88.28752797973, -22.52449231479, 110
261, 85.1739445041, -20.76154088635, 110
262, 81.58361151465, -20.91473773598, 110
263, 77.85709130088, -21.37491114989, 110
264, 75.03162272673, -23.79933062931, 110
265, 72.97512361184, -26.51763903194, 110
266, 71.74771673395, -29.25609229333, 110
267, 71.00929204086, -32.58197893124, 110
268, 70.47417914438, -33.27832832093, 110
269, 69.59212245834, -30.34237471378, 110
270, 68.05525336234, -28.10158936268, 110
271, 66.95080012736, -25.1326831363, 110
272, 64.09214214782, -22.45042871691, 110
273, 60.55904386534, -20.87253452301, 110
274, 56.64576628827, -20.70744797929, 110
275, 53.42318710255, -22.19971174953, 110
276, 50.67232004499, -23.76784003268, 110
277, 48.06411620454, -25.31463826377, 110
278, 45.46498277128, -26.69187781052, 110
279, 42.7471990629, -27.77532833278, 110
280, 39.36469374845, -28.14776254733, 110
281, 36.16358584268, -27.07403745852, 110
282, 33.4454124838, -25.7275684061, 110
283, 30.84431952619, -24.16519862425, 110
284, 28.17080087844, -22.50136762604, 110
285, 25.08236418839, -20.80744606149, 110
286, 21.59400427117, -20.91999646483, 110
287, 17.03976659887, -23.47048529241, 110
288, 15.30666785111, -26.00300526775, 110
289, 13.39231211363, -28.3347764143, 110
290, 11.47359267459, -30.78164181705, 110
291, 8.410720106964, -30.66869321682, 110
292, 6.707504124378, -28.05395246306, 110
293, 5.053589316046, -25.44957682964, 110
294, 6.453233818258, -22.4892332634, 110
295, 9.332537044267, -20.83751294915, 110
296, 11.97339182144, -19.1294555347, 110
297, 15.26504291357, -15.13101095246, 110
298, 14.65912830325, -9.782512221345, 110
299, 12.74347644574, -7.214713407386, 110
300, 10.68883646901, -4.920114691283, 110
301, 11.22481956385, -2.362123227448, 110
302, 19.17233494627, 20.29323030153, 110
303, 68.94041013074, 30.73300510401, 110
304, 71.54124626863, 28.28082429641, 110
305, 121.2530230156, 20.37891817444, 110
306, 123.3523105291, 13.66301693556, 110
307, 123.7983194467, -14.82066572302, 110
308, 120.1372835952, -19.91531440819, 110
309, 71.14829051015, -31.3060945475, 110
310, 70.02342016363, -32.3327710399, 110
311, 18.49214522877, -20.82637411763, 110
312, 16.58015278765, -12.36889737332, 110
313, 11.65615567028, 21.74007193873, 110
314, 10.45038028879, 27.45980220369, 110
315, 7.887684022239, 25.88824826271, 110
316, 33.44571958129, 23.06075625811, 110
317, 24.82474516246, 18.68315926716, 110
318, 64.132453714, 19.60259250195, 110
319, 14.48672148524, 22.91955390468, 110
320, 12.71790134394, 25.16772734208, 110
321, 30.82407168291, 21.49120890474, 110
322, 38.23334740607, 25.71107050076, 110
323, 43.27260451598, 23.95644244258, 110
324, 40.69796986476, 25.03019516954, 110
325, 45.83783079345, 22.61727309563, 110
326, 48.37154790984, 21.00938979051, 110
327, 50.89982337541, 19.16504386704, 110
328, 59.22159504018, 18.22424584412, 110
329, 68.52055123697, 22.56404727395, 110
330, 56.05598429902, 18.08886265813, 110
331, 70.11724513672, 25.43571808931, 110
332, 81.0830720017, 18.63575271525, 110
333, 70.12796462591, 30.95418213947, 110
334, 71.85355393704, 22.53338206383, 110
335, 91.67643511646, 22.12505777563, 110
336, 99.05216381808, 25.85009491728, 110
337, 104.0171756021, 23.76098412549, 110
338, 101.4843724093, 25.00847903701, 110
339, 106.553668236, 22.31233637355, 110
340, 109.1134075613, 20.73027188566, 110
341, 111.7457097523, 19.07432396165, 110
342, 121.9026844992, 8.290280819784, 110
343, 116.6642960996, 18.4573424073, 110
344, 127.9126419484, 25.51452968123, 110
345, 129.9164947061, 27.91929507942, 110
346, 123.6464315227, -0.8241794971789, 110
347, 131.3809241342, 24.69306221835, 110
348, 123.2420014608, 2.233643948203, 110
349, 124.7052187799, 19.70382532573, 110
350, 127.5482676311, 20.75203511799, 110
351, 123.9730777633, -3.60881818939, 110
352, 122.6368177323, 5.250533883577, 110
353, 121.8668919759, -9.541191888934, 110
354, 122.7762684657, -6.33702722238, 110
355, 125.9531506579, -19.9747649068, 110
356, 128.3077651001, -21.93538068554, 110
357, 129.9454353247, -27.42050807781, 110
358, 132.5507435054, -25.99167167419, 110
359, 103.6951974475, -25.00637905905, 110
360, 105.9083503455, -23.44220232854, 110
361, 125.7378431492, -23.2136274932, 110
362, 127.8607388118, -25.28763441753, 110
363, 123.3596629727, -21.27286894554, 110
364, 114.237021017, -18.74729563954, 110
365, 74.49167148039, -20.77781347637, 110
366, 108.4256520971, -21.77733112859, 110
367, 98.49267671541, -24.39465857341, 110
368, 101.1681676825, -24.79500519216, 110
369, 95.85326474675, -23.48294430686, 110
370, 93.40672013657, -22.03852501699, 110
371, 90.85686879655, -20.43151283404, 110
372, 88.17808543657, -18.70186785121, 110
373, 79.61992855167, -18.45310936777, 110
374, 72.258268883, -23.43746142564, 110
375, 82.81127339579, -18.00243738529, 110
376, 70.22960218236, -26.52827016255, 110
377, 66.97842997521, -22.04851791096, 110
378, 63.21585654628, -19.50830647608, 110
379, 48.27556746962, -22.14071182269, 110
380, 40.88361735096, -25.83076789508, 110
381, 35.91663614821, -23.70010002996, 110
382, 38.45143490626, -24.96950057723, 110
383, 33.36019762199, -22.23552956075, 110
384, 30.75199430098, -20.64706239373, 110
385, 28.01666608382, -18.99174979187, 110
386, 16.09952644414, -6.716619809406, 110
387, 22.87564738291, -18.40934595751, 110
388, 12.2117590274, -25.50601577514, 110
389, 10.12903864811, -27.95188296909, 110
390, 8.840001727795, -24.68764802081, 110
391, 14.23021448986, -17.67422447302, 110
392, 14.00549254962, -3.828007738903, 110
393, 16.14543591937, -0.9562272174336, 110
394, 18.31227696983, 1.65880804186, 110
395, 19.84001436719, 6.803847303252, 110
396, 19.72953205093, 11.73784621442, 110
397, 17.85144440029, 16.94284184867, 110
398, 15.2264882603, 19.74238226012, 110
399, 27.97898246503, 19.94728192108, 110
400, 8.393826084943, 22.79734245947, 110
401, 35.9455338313, 24.51608397197, 110
402, 76.40916504739, 19.7083864982, 110
403, 86.25008048468, 19.01481715869, 110
404, 89.0244628474, 20.57798556681, 110
405, 125.9841603283, 22.9999526159, 110
406, 94.25289280688, 23.56438104887, 110
407, 96.74354894225, 24.82122456183, 110
408, 111.2181050103, -20.18209284031, 110
409, 130.4941626237, -23.95523012041, 110
410, 58.77591386335, -18.33291171874, 110
411, 53.65966846913, -18.88485699132, 110
412, 50.91845678447, -20.55748297129, 110
413, 14.28840277278, -23.55474894201, 110
414, 45.69754150764, -23.57445525375, 110
415, 43.19871604066, -24.81358037129, 110
416, 11.86706432286, -22.34124916989, 110
417, 17.00328937373, -17.9245133053, 110
418, 15.0076735457, -20.67163654695, 110
419, 21.44136210748, 17.7964114288, 110
420, 73.50754442012, 19.69490815788, 110
421, 62.20358964712, 17.51889812633, 110
422, 21.28474296842, 9.357908152836, 110
423, 20.0585223519, -18.0381193804, 110
424, 53.17395360584, 16.9943080265, 110
425, 67.04795210744, 19.65357604064, 110
426, 78.42566007535, 17.79094748019, 110
427, 65.85102423128, -19.58337508797, 110
428, 121.1736950022, -12.82142194792, 110
429, 114.2345504665, 17.21913428254, 110
430, 120.975169755, 11.39323494963, 110
431, 119.3583374779, 17.75776182418, 110
432, 71.53132515437, -20.31414022483, 110
433, 117.4265542966, -17.50392466298, 110
434, 76.53465930495, -18.17008014947, 110
435, 85.63367730332, -16.70778401674, 110
436, 69.50231043743, -22.93833523617, 110
437, 56.26107193942, -17.01768631785, 110
438, 61.42225948372, -17.41452678162, 110
439, 83.59350250511, 17.32840466235, 110
440, 25.34967901592, -17.11384493312, 110
441, 18.14256546657, -9.405633109657, 110
442, 18.52753339949, -15.12855412374, 110
443, 20.41003291969, 14.65951690087, 110
444, 20.63221743452, 3.946880158222, 110
445, 30.50500562923, 18.25951541061, 110
446, 10.25045386829, 24.5732204204, 110
447, 45.79530573231, 19.27451784252, 110
448, 48.15783041735, 17.47962296679, 110
449, 43.33902227047, 20.74350743362, 110
450, 33.40280763798, -18.84054463879, 110
451, 17.55524884643, -3.764238983631, 110
452, 80.89733789111, -16.01688300541, 110
453, 70.07325006906, 29.69764927885, 110
454, 50.97027688105, -17.29704464167, 110
455, 104.0257964736, 20.4825357917, 110
456, 105.7074293829, -20.19702643303, 110
457, 128.78987263, 22.9507689595, 110
458, 120.5836167195, -0.005559086423988, 110
459, 122.4156700919, 17.00687680919, 110
460, 120.8054233145, -3.559942928339, 110
461, 123.3109286696, -18.11464606854, 110
462, 109.042708635, 17.34564115135, 110
463, 97.94768982213, -21.68737034277, 110
464, 93.51867167415, -18.53896267988, 110
465, 103.2291585009, -22.19725463879, 110
466, 119.6337628062, -7.280042440339, 110
467, 95.9283681408, -20.14118336681, 110
468, 106.5010160117, 18.94188145341, 110
469, 90.93936383993, -16.81965535894, 110
470, 33.29642578881, 19.89814394814, 110
471, 48.41080851064, -19.04826433475, 110
472, 27.37522140916, 16.63649647388, 110
473, 35.91679262527, -20.39174024697, 110
474, 57.74198900075, 15.93303694556, 110
475, 70.27721758462, 19.58343373954, 110
476, 88.93557887832, 17.35550933758, 110
477, 18.94571595324, -1.127157359684, 110
478, 91.54086180011, 19.01965554533, 110
479, 111.6299381323, -16.88197839082, 110
480, 94.13133163849, 20.54570139888, 110
481, 108.6079569134, -18.51164577015, 110
482, 30.7765880175, -17.24104352983, 110
483, 45.83188232079, -20.56301589461, 110
484, 120.0975357935, 14.54453455276, 110
485, 120.6183100156, -16.20052241203, 110
486, 75.38075455718, 17.03733674061, 110
487, 65.35015145001, 16.84380010644, 110
488, 22.83743844327, 12.29521528754, 110
489, 50.40281033083, 15.44488949883, 110
490, 40.86308572688, 21.95950567353, 110
491, 38.37316242578, 23.07765655734, 110
492, 55.34923954356, 14.82995498369, 110
493, 38.37635291659, -21.84433650215, 110
494, 19.56734723755, -6.326914438516, 110
495, 22.11634166676, -15.27795138577, 110
496, 80.76826859926, 15.83133809325, 110
497, 43.29249037144, -21.88904387344, 110
498, 64.42060756028, -16.91718098322, 110
499, 78.30649084244, -15.56029688735, 110
500, 53.5384036302, -15.40711936663, 110
501, 101.5765110717, 21.90992022985, 110
502, 68.70813476801, -19.82801618947, 110
503, 99.1333816296, 23.23484488974, 110
504, 117.0226499353, 15.56458855356, 110
505, 118.9199251557, 9.036376503767, 110
506, 23.96135228581, 15.45595903509, 110
507, 119.6190885577, 6.057164849027, 110
508, 120.1660845129, 3.090251442306, 110
509, 111.6014106134, 15.65883781094, 110
510, 118.6733168067, -10.64620845962, 110
511, 114.7569339432, -15.3809488005, 110
512, 83.19488018431, -14.72122326968, 110
513, 73.48898197479, -17.67596241194, 110
514, 35.90625197029, 21.51327827644, 110
515, 88.33808305051, -14.9926088686, 110
516, 86.25926797608, 15.67195544214, 110
517, 59.11319539789, -15.32809109642, 110
518, 96.67128332077, 21.90342614811, 110
519, 60.27000644721, 15.2188858925, 110
520, 40.8082736063, -23.2017992196, 110
521, 28.10052254684, -15.5782200168, 110
522, 19.93535100079, -12.22565898162, 110
523, 22.73119846514, 6.609061150132, 110
524, 21.73429398738, 0.5067888715037, 110
525, 43.29674886832, 17.72220829191, 110
526, 91.54900316904, 15.87635370694, 110
527, 67.47278477776, -17.03633773427, 110
528, 117.9724250137, -14.05368817682, 110
529, 100.4800160307, -21.7256919098, 110
530, 117.4140402054, 12.16793878358, 110
531, 117.8961609057, -1.952495501834, 110
532, 26.73659189905, 12.84167607417, 110
533, 106.3671118855, 15.6680717284, 110
534, 102.4484276777, -18.62187818444, 110
535, 103.8984620693, 17.25486170666, 110
536, 108.9300231397, -15.20496922599, 110
537, 114.3161838658, 13.97902176506, 110
538, 33.19728857458, 16.71187957306, 110
539, 30.23038905114, 14.94354737387, 110
540, 48.38693690972, -15.97362250227, 110
541, 36.07034217331, -17.12763475229, 110
542, 45.58718557118, 16.06461398058, 110
543, 33.53127176084, -15.52982508645, 110
544, 25.33261304671, -13.91416599114, 110
545, 20.82217849381, -3.164845182979, 110
546, 94.03101165447, 17.61374322367, 110
547, 105.8418574725, -16.91406601595, 110
548, 117.4590761921, -5.179383075914, 110
549, 45.9439872967, -17.66887781881, 110
550, 70.49747371512, -17.27142360464, 110
551, 93.68847992878, -15.16292155228, 110
552, 77.71552074997, 14.8379439085, 110
553, 68.66635892019, 16.54868423686, 110
554, 52.73112575008, 13.39828707577, 110
555, 89.06858808537, 13.9894046775, 110
556, 40.87247122874, 18.91936398266, 110
557, 57.93696740935, 13.21494166081, 110
558, 83.37527012859, 14.11353121489, 110
559, 38.50657050958, -18.70290670254, 110
560, 24.56116756418, 9.517115148244, 110
561, 62.45101226043, -14.08625129435, 110
562, 75.38650339014, -15.0254786293, 110
563, 50.66852664495, -13.86125204148, 110
564, 101.4841814805, 18.8025924184, 110
565, 108.8970608107, 14.05878583278, 110
566, 116.2428849539, 9.397506122748, 110
567, 117.5531219743, 1.083143583096, 110
568, 98.91170482952, -18.94101061162, 110
569, 116.718062871, 6.797484993759, 110
570, 112.0038088684, -13.38649724885, 110
571, 80.42426217175, -13.32878399304, 110
572, 85.69888699654, -13.15535142765, 110
573, 116.2422120706, -8.415014033145, 110
574, 35.88131490412, 18.42510799472, 110
575, 96.39584268436, -16.93825930367, 110
576, 43.41629639794, -18.93812291384, 110
577, 56.34854278328, -13.60168713027, 110
578, 91.04890837279, -13.29499997047, 110
579, 30.87661786534, -13.91186029596, 110
580, 63.23376484612, 14.41487362678, 110
581, 21.9281915996, -9.099131979029, 110
582, 23.87761218837, 3.617471717973, 110
583, 72.09847538672, 16.63120895479, 110
584, 96.57180848798, 18.96139747655, 110
585, 47.63116332228, 13.92825332831, 110
586, 46.00576939103, -15.05746882816, 110
587, 38.40050616677, 20.13960032896, 110
588, 94.01284544082, 14.92566389816, 110
589, 80.28562424562, 12.81399220096, 110
590, 115.286661359, -11.85057429092, 110
591, 99.09264490602, 20.33232051746, 110
592, 115.4144711138, -3.408488088436, 110
593, 40.88972323382, -20.2745068259, 110
594, 43.23662208771, 15.06988264154, 110
595, 117.1497498437, 3.988333268569, 110
596, 111.4939318117, 12.45451508844, 110
597, 96.40255698988, -13.75354064501, 110
598, 30.37622112599, 11.65189735021, 110
599, 22.87311542008, -12.23030043775, 110
600, 66.03115736227, -14.38450921379, 110
601, 69.18877109457, -14.36927451252, 110
602, 27.8655934435, 9.271581230041, 110
603, 25.28520182181, -10.71404255243, 110
604, 33.25944257732, 13.51744321463, 110
605, 74.40637836851, 14.05383119488, 110
606, 25.84627344345, 6.471919925119, 110
607, 25.31698094931, 0.7294498119345, 110
608, 22.83879423561, -5.559074183234, 110
609, 106.2702249621, -13.71243108037, 110
610, 59.40608771616, -12.01054384464, 110
611, 23.89879547452, -2.286691183494, 110
612, 28.10638140914, -12.33988979762, 110
613, 36.31810948187, -13.90444907498, 110
614, 103.1963087208, -15.08792945568, 110
615, 114.0805105094, 10.93158310172, 110
616, 103.7006317405, 14.06951924391, 110
617, 96.41557656801, 16.01949544111, 110
618, 72.32400324318, -14.56812247347, 110
619, 66.6020643827, 13.67006220519, 110
620, 55.34574320275, 11.5858106162, 110
621, 92.32999213335, 12.36658287431, 110
622, 40.92380926385, 15.92579092388, 110
623, 60.82522773628, 12.16149838861, 110
624, 64.76790050299, -11.96673438289, 110
625, 86.12757120582, 12.3551550699, 110
626, 38.78433524654, -15.5337405073, 110
627, 77.44425278291, -12.51669886366, 110
628, 47.61628800807, -12.83175102891, 110
629, 101.2823491471, 15.68528522385, 110
630, 114.8811717285, -0.7706185434763, 110
631, 77.06238022004, 11.81970326731, 110
632, 113.9486785759, 7.901072488836, 110
633, 106.2003642509, 12.46592053087, 110
634, 109.0569766634, -11.77887194773, 110
635, 82.85947085699, -11.54780193325, 110
636, 27.10692614983, 3.526179601594, 110
637, 93.80474441689, -11.7653724888, 110
638, 99.65146941626, -15.50235961741, 110
639, 114.1243462743, -6.016274750918, 110
640, 53.38708451688, -11.86811439146, 110
641, 44.7578264969, 12.91990297806, 110
642, 35.97303897053, 15.24102720719, 110
643, 43.63606585975, -15.99617127039, 110
644, 88.32878833647, -11.47470115701, 110
645, 62.35459627105, -10.46209894521, 110
646, 49.93801142338, 11.79585348107, 110
647, 70.56013329622, 13.21523151346, 110
648, 98.93771185676, 17.32547134078, 110
649, 33.70034603983, -12.27866540618, 110
650, 67.64796841239, -11.64174908594, 110
651, 82.987022644, 10.9158342929, 110
652, 74.24803902439, -11.82419635556, 110
653, 41.09458971582, -17.2299271287, 110
654, 79.7164014067, 9.710261961471, 110
655, 111.3814534102, 9.346708732161, 110
656, 79.80548716057, -10.31132190052, 110
657, 85.43461655903, -9.810138120636, 110
658, 56.50655581419, -10.11949980793, 110
659, 73.81813942188, 10.97869545169, 110
660, 49.8867793456, -10.05215422159, 110
661, 28.06526258646, -9.285966779687, 110
662, 108.7717874335, 10.87607811132, 110
663, 98.72064783911, -12.41643365086, 110
664, 38.44128595759, 17.06664723049, 110
665, 30.95047758543, 8.531845191111, 110
666, 58.21284017444, 10.13078906104, 110
667, 25.18545019491, -7.681694865348, 110
668, 112.2956182657, -9.418689374773, 110
669, 63.98755114945, 11.21366223626, 110
670, 103.9481394567, -12.34041244843, 110
671, 33.49654898706, 10.43190077152, 110
672, 101.3341030485, -12.51624377588, 110
673, 95.83657814748, 13.01375850806, 110
674, 30.93765795584, -10.63923662138, 110
675, 114.1925636899, 5.005188046609, 110
676, 28.96360883276, 6.143809971573, 110
677, 89.04840188013, 10.58649168027, 110
678, 76.43441579711, 8.746480448417, 110
679, 76.56103154163, -9.358872446901, 110
680, 41.63859173554, 12.930528488, 110
681, 46.771793199, 10.10899057925, 110
682, 44.41910009943, -12.99188515097, 110
683, 100.9998503072, 12.57125545888, 110
684, 96.59817776604, -10.50323222144, 110
685, 112.6433137865, -3.157851089761, 110
686, 114.4618962578, 2.094846504286, 110
687, 106.0202661178, -10.54459205404, 110
688, 27.0728755024, -1.885694472093, 110
689, 59.66198312295, -8.519236398199, 110
690, 91.09068979134, -9.819183588441, 110
691, 53.52858885258, -8.339658704906, 110
692, 52.635172086, 9.924277895193, 110
693, 70.91367863157, -11.49446153281, 110
694, 70.95947025992, 9.969375576695, 110
695, 61.24596212465, 8.971843617938, 110
696, 98.62733710985, 14.26429293988, 110
697, 67.55412645425, 10.11891122258, 110
698, 28.53590323862, 0.7922332487825, 110
699, 111.3836896687, 6.297008956552, 110
700, 25.88606897442, -4.655884420305, 110
701, 36.61514637461, -10.7389147173, 110
702, 85.81259540511, 9.048042687582, 110
703, 36.27368062351, 11.94471625826, 110
704, 65.49852362971, -9.265900730576, 110
705, 82.36044056336, -8.366397437056, 110
706, 39.20550473428, -12.35911406155, 110
707, 79.16877559259, -7.15744468819, 110
708, 95.1288727928, 10.02911132611, 110
709, 41.54533685543, -14.10123824876, 110
710, 68.89465371933, -8.673660007467, 110
711, 30.8959432085, -7.189305631044, 110
712, 79.07870008227, 6.578827521232, 110
713, 110.7830174248, -5.97670110559, 110
714, 111.5037565055, -0.04001634409446, 110
715, 38.7607743507, 13.853636253, 110
716, 27.80775377303, -6.63172876077, 110
717, 73.21378189081, 7.902803646756, 110
718, 33.88015216922, -9.07436201625, 110
719, 88.15135819999, -8.106113979807, 110
720, 55.51024958407, 8.256098413616, 110
721, 91.97485386794, 8.735902681679, 110
722, 64.32447919734, 7.977823014207, 110
723, 45.79484893933, -9.97793273797, 110
724, 49.80318626834, 8.227327549872, 110
725, 43.15108418824, 10.25339757007, 110
726, 82.46025941508, 7.718840429942, 110
727, 62.9035925134, -7.247233045025, 110
728, 72.81194402348, -8.376921202916, 110
729, 33.58440430544, 7.701404687463, 110
730, 103.4867683932, 10.92961968708, 110
731, 111.4909775607, 3.270689376239, 110
732, 108.6899237344, 7.785574950311, 110
733, 58.52447641851, 6.853808814409, 110
734, 98.19077322728, 11.2003826994, 110
735, 61.6929558291, 5.631203479965, 110
736, 42.30214312944, -10.86187366007, 110
737, 102.8138810542, -9.791226555408, 110
738, 94.04618747894, -8.332491152709, 110
739, 75.71114323317, 5.6628574795, 110
740, 109.5779624993, -3.077012951017, 110
741, 99.67986117033, -9.764381149861, 110
742, 85.0271145717, -6.56970635026, 110
743, 52.77305104802, 6.474852087718, 110
744, 56.76511100243, -6.485586291609, 110
745, 50.79330601043, -6.637518936791, 110
746, 88.74897153909, 7.136333950162, 110
747, 108.4720446688, -8.458972969796, 110
748, 69.95974813096, 7.296644066654, 110
749, 39.57630392665, 10.34042269834, 110
750, 31.96162399102, 5.59757464939, 110
751, 30.05814111803, -1.752477865023, 110
752, 75.9736442741, -6.195206831749, 110
753, 36.92864474803, -7.662148434944, 110
754, 28.97690700353, -4.317524984915, 110
755, 66.26278923076, -6.330676160536, 110
756, 47.38209754764, -6.768601006548, 110
757, 108.6690308486, 4.781074233482, 110
758, 36.38530899398, 8.436952238138, 110
759, 39.66928735284, -9.226920766957, 110
760, 100.7111957998, 9.475548129567, 110
761, 30.25085186816, 3.281946815548, 110
762, 106.0522091855, 9.328436420799, 110
763, 81.81669142835, 4.563195041686, 110
764, 78.37424703459, 3.357746037731, 110
765, 44.58256105977, 7.707758920637, 110
766, 107.3657339717, -5.406100425677, 110
767, 72.31865749554, 5.015042476348, 110
768, 105.9436727625, 6.268800292954, 110
769, 94.84585845893, 6.854315946658, 110
770, 91.05487906141, -6.397108741168, 110
771, 63.59870936032, -4.103869873466, 110
772, 73.16031945144, -5.241651609843, 110
773, 31.58764669581, 0.6891947420892, 110
774, 53.60500729586, -4.695287154329, 110
775, 47.07226730381, 5.788112917268, 110
776, 81.80700570276, -5.160124846541, 110
777, 108.4387517148, -0.6917281588595, 110
778, 34.33510473476, -5.99409774932, 110
779, 85.33915131189, 5.783730568092, 110
780, 60.18016909713, -5.04788394063, 110
781, 55.68363838026, 4.789529583445, 110
782, 58.88992780591, 3.54165314647, 110
783, 69.85135106469, -5.452878349348, 110
784, 87.79684761422, -4.867121861948, 110
785, 78.51111642194, -3.869259136497, 110
786, 43.12468586507, -7.116770599651, 110
787, 108.6662644883, 1.897975474893, 110
788, 64.92236963933, 4.749274316498, 110
789, 97.82427599918, 8.1322792094, 110
790, 97.29395117815, -7.442399129495, 110
791, 41.78522288586, 7.451426218384, 110
792, 106.3750020685, -2.546758927933, 110
793, 74.89196693971, 2.629905496882, 110
794, 104.9584403348, -7.554987215589, 110
795, 91.7919257319, 5.369517094488, 110
796, 84.56249630885, -3.416206563494, 110
797, 50.16406677065, 5.083752483034, 110
798, 66.74535346099, -3.402932573962, 110
799, 67.05007359073, 6.906540692373, 110
800, 68.64787510269, 4.336352693575, 110
801, 34.93014540965, 5.31880989505, 110
802, 32.66667537564, -1.656515019783, 110
803, 103.2977118473, 7.823868343238, 110
804, 49.72191801785, -3.394299646489, 110
805, 37.4409868287, -4.536844161646, 110
806, 105.8883000038, 3.283174356681, 110
807, 39.74290599817, -6.317712129753, 110
808, 62.33442365029, 1.975356823426, 110
809, 101.0728031464, -6.679616083886, 110
810, 75.23192826774, -3.01085522367, 110
811, 94.42682112839, -4.618916365004, 110
812, 37.51284662544, 5.399032218684, 110
813, 43.68041422955, 4.936953969481, 110
814, 31.95956722405, -4.144955258362, 110
815, 77.59925936889, -0.2200394787404, 110
816, 57.16972751827, -2.506285224265, 110
817, 81.29055668601, -1.902005223184, 110
818, 64.49933726683, -0.9455248613497, 110
819, 81.2618401505, 1.360818412186, 110
820, 98.066661277, -4.632843313559, 110
821, 34.68054746158, 0.05234478055353, 110
822, 71.56874245877, 2.254572653282, 110
823, 61.18833495021, -1.730660368532, 110
824, 66.00107947836, 1.930884765817, 110
825, 34.902680886, -3.012271421842, 110
826, 84.5860247439, 2.741501703878, 110
827, 69.35239683074, -2.581200205283, 110
828, 88.48587984676, 3.571112763368, 110
829, 52.51228729829, 2.645548171464, 110
830, 103.9252932073, -4.515641474794, 110
831, 72.04584485088, -2.781483845751, 110
832, 56.02680385981, 1.288147941665, 110
833, 90.57353368875, -3.082264103304, 110
834, 33.43197702764, 2.875582292293, 110
835, 45.35475171276, -3.678900063883, 110
836, 87.31859592848, -1.813642290665, 110
837, 105.9022393078, 0.3822453072723, 110
838, 36.99263701774, 2.350612382198, 110
839, 40.30725864321, 4.239650005291, 110
840, 37.63145256065, -1.311071087821, 110
841, 94.80346773305, 3.786665297684, 110
842, 53.35202514381, -1.178452335067, 110
843, 84.24130896696, -0.3455516664209, 110
844, 45.59640332235, 2.363294567679, 110
845, 48.75031526561, 2.487787061932, 110
846, 100.6738777488, -3.105451270232, 110
847, 39.14705146893, 7.257119617794, 110
848, 41.08399997064, -3.23723416734, 110
849, 100.4962420871, 6.382739027069, 110
850, 67.56367906781, -0.6138773001186, 110
851, 103.1691732923, 4.750858264753, 110
852, 73.69322831959, -0.2142209251913, 110
853, 59.11526713228, 0.4960586735463, 110
854, 97.65144295283, 5.031279716606, 110
855, 42.67612159614, 2.249742326446, 110
856, 92.07137229918, 2.159761870572, 110
857, 68.8370180419, 1.603040957085, 110
858, 103.1323795298, 1.691263815344, 110
859, 50.36350431749, -0.0610418572165, 110
860, 100.3804727202, 3.265210794044, 110
861, 40.2996563876, 0.5365866519273, 110
862, 93.07416586797, -1.114950547688, 110
863, 97.00608787921, -1.522168443561, 110
864, 103.3603721967, -1.377461547035, 110
865, 70.57805804795, -0.3466551039679, 110
866, 89.78034452236, 0.1443610252441, 110
867, 86.88367075748, 0.9397545945375, 110
868, 43.70882987697, -0.548132010173, 110
869, 47.20832268905, -0.552519541725, 110
870, 94.90075851436, 1.000206660113, 110
871, 97.57615483284, 1.909150259085, 110
872, 100.3228164867, 0.07804244877314, 110


** Face elements
*Element, TYPE=S3, ELSET=Efaces
166, 1, 2, 166
167, 2, 3, 167
168, 3, 4, 168
169, 4, 5, 169
170, 5, 6, 170
171, 6, 7, 171
172, 7, 8, 172
173, 8, 9, 173
174, 8, 173, 172
175, 9, 10, 174
176, 9, 174, 173
177, 10, 11, 175
178, 10, 175, 174
179, 11, 12, 175
180, 12, 13, 176
181, 12, 176, 175
182, 13, 14, 176
183, 14, 15, 177
184, 14, 177, 176
185, 15, 16, 178
186, 177, 15, 178
187, 16, 17, 178
188, 17, 18, 179
189, 17, 179, 178
190, 18, 19, 179
191, 19, 20, 180
192, 20, 21, 181
193, 21, 22, 182
194, 22, 23, 183
195, 23, 24, 184
196, 24, 25, 185
197, 24, 185, 184
198, 25, 26, 186
199, 25, 186, 185
200, 26, 27, 187
201, 26, 187, 186
202, 27, 28, 188
203, 27, 188, 187
204, 28, 29, 188
205, 29, 30, 189
206, 29, 189, 188
207, 30, 31, 190
208, 30, 190, 189
209, 31, 32, 191
210, 31, 191, 190
211, 32, 33, 192
212, 32, 192, 191
213, 33, 34, 193
214, 33, 193, 192
215, 34, 35, 194
216, 35, 36, 195
217, 36, 37, 196
218, 37, 38, 197
219, 38, 39, 198
220, 38, 198, 197
221, 40, 41, 199
222, 41, 42, 200
223, 199, 41, 200
224, 42, 43, 200
225, 43, 44, 200
226, 44, 45, 201
227, 44, 201, 200
228, 45, 46, 202
229, 45, 202, 201
230, 47, 48, 203
231, 48, 49, 204
232, 49, 50, 205
233, 50, 51, 206
234, 51, 52, 207
235, 52, 53, 208
236, 53, 54, 209
237, 53, 209, 208
238, 54, 55, 210
239, 54, 210, 209
240, 55, 56, 211
241, 55, 211, 210
242, 56, 57, 212
243, 56, 212, 211
244, 57, 58, 212
245, 58, 59, 213
246, 58, 213, 212
247, 59, 60, 214
248, 59, 214, 213
249, 60, 61, 215
250, 60, 215, 214
251, 61, 62, 216
252, 61, 216, 215
253, 62, 63, 217
254, 62, 217, 216
255, 63, 64, 218
256, 64, 65, 219
257, 65, 66, 220
258, 66, 67, 221
259, 66, 221, 220
260, 67, 68, 222
261, 67, 222, 221
262, 68, 69, 222
263, 69, 70, 223
264, 222, 69, 223
265, 70, 71, 223
266, 71, 72, 224
267, 71, 224, 223
268, 72, 73, 225
269, 72, 225, 224
270, 73, 74, 225
271, 74, 75, 226
272, 225, 74, 226
273, 75, 76, 226
274, 76, 77, 227
275, 77, 78, 228
276, 77, 228, 227
277, 78, 79, 229
278, 79, 80, 230
279, 80, 81, 231
280, 81, 82, 232
281, 81, 232, 231
282, 82, 83, 233
283, 82, 233, 232
284, 83, 84, 234
285, 83, 234, 233
286, 84, 85, 234
287, 85, 86, 235
288, 86, 87, 236
289, 86, 236, 235
290, 87, 88, 237
291, 88, 89, 238
292, 89, 90, 239
293, 90, 91, 240
294, 90, 240, 239
295, 91, 92, 241
296, 91, 241, 240
297, 92, 93, 242
298, 92, 242, 241
299, 93, 94, 242
300, 94, 95, 243
301, 94, 243, 242
302, 95, 96, 243
303, 96, 97, 244
304, 96, 244, 243
305, 97, 98, 245
306, 244, 97, 245
307, 98, 99, 245
308, 99, 100, 246
309, 99, 246, 245
310, 100, 101, 247
311, 100, 247, 246
312, 101, 102, 248
313, 101, 248, 247
314, 102, 103, 249
315, 102, 249, 248
316, 103, 104, 250
317, 104, 105, 251
318, 105, 106, 252
319, 106, 107, 253
320, 106, 253, 252
321, 107, 108, 254
322, 107, 254, 253
323, 108, 109, 255
324, 108, 255, 254
325, 109, 110, 255
326, 110, 111, 256
327, 110, 256, 255
328, 111, 112, 257
329, 111, 257, 256
330, 112, 113, 258
331, 112, 258, 257
332, 113, 114, 259
333, 113, 259, 258
334, 114, 115, 260
335, 114, 260, 259
336, 115, 116, 261
337, 115, 261, 260
338, 116, 117, 262
339, 117, 118, 263
340, 118, 119, 264
341, 119, 120, 265
342, 120, 121, 266
343, 120, 266, 265
344, 122, 123, 267
345, 123, 124, 268
346, 123, 268, 267
347, 127, 128, 269
348, 128, 129, 270
349, 128, 270, 269
350, 129, 130, 271
351, 130, 131, 272
352, 131, 132, 273
353, 132, 133, 274
354, 133, 134, 275
355, 134, 135, 276
356, 135, 136, 277
357, 135, 277, 276
358, 136, 137, 278
359, 136, 278, 277
360, 137, 138, 279
361, 137, 279, 278
362, 138, 139, 280
363, 138, 280, 279
364, 139, 140, 280
365, 140, 141, 281
366, 140, 281, 280
367, 141, 142, 282
368, 141, 282, 281
369, 142, 143, 283
370, 142, 283, 282
371, 143, 144, 284
372, 143, 284, 283
373, 144, 145, 285
374, 144, 285, 284
375, 145, 146, 286
376, 146, 147, 287
377, 147, 148, 288
378, 148, 149, 289
379, 148, 289, 288
380, 149, 150, 290
381, 149, 290, 289
382, 150, 151, 290
383, 151, 152, 291
384, 290, 151, 291
385, 152, 153, 291
386, 153, 154, 292
387, 153, 292, 291
388, 154, 155, 293
389, 154, 293, 292
390, 155, 156, 293
391, 156, 157, 294
392, 156, 294, 293
393, 157, 158, 294
394, 158, 159, 295
395, 158, 295, 294
396, 159, 160, 296
397, 159, 296, 295
398, 160, 161, 297
399, 161, 162, 298
400, 162, 163, 299
401, 163, 164, 300
402, 163, 300, 299
403, 164, 165, 300
404, 165, 1, 301
405, 300, 165, 301
406, 1, 166, 301
407, 2, 167, 166
408, 3, 168, 167
409, 4, 169, 168
410, 5, 170, 169
411, 6, 171, 170
412, 7, 172, 171
413, 183, 23, 184
414, 19, 180, 179
415, 182, 22, 183
416, 181, 21, 302
417, 21, 182, 302
418, 180, 20, 181
419, 195, 36, 196
420, 34, 194, 193
421, 194, 35, 195
422, 37, 197, 196
423, 204, 49, 205
424, 39, 40, 303
425, 205, 50, 206
426, 47, 203, 304
427, 47, 304, 46
428, 203, 48, 204
429, 39, 303, 198
430, 51, 207, 206
431, 52, 208, 207
432, 219, 65, 220
433, 63, 218, 217
434, 218, 64, 305
435, 64, 219, 305
436, 230, 80, 231
437, 226, 76, 227
438, 228, 78, 229
439, 229, 79, 306
440, 79, 230, 306
441, 234, 85, 235
442, 236, 87, 237
443, 237, 88, 307
444, 88, 238, 307
445, 89, 239, 238
446, 251, 105, 252
447, 103, 250, 308
448, 103, 308, 249
449, 250, 104, 251
450, 263, 118, 264
451, 116, 262, 261
452, 262, 117, 263
453, 119, 265, 264
454, 121, 122, 309
455, 129, 271, 270
456, 125, 126, 268
457, 126, 127, 310
458, 271, 130, 272
459, 131, 273, 272
460, 132, 274, 273
461, 133, 275, 274
462, 134, 276, 275
463, 287, 147, 288
464, 145, 286, 285
465, 286, 146, 311
466, 146, 287, 311
467, 298, 162, 299
468, 297, 161, 312
469, 161, 298, 312
470, 40, 199, 303
471, 121, 309, 266
472, 122, 267, 309
473, 310, 127, 269
474, 268, 126, 310
475, 172, 173, 313
476, 177, 178, 314
477, 178, 179, 314
478, 175, 176, 315
479, 185, 186, 316
480, 314, 315, 177
481, 182, 183, 317
482, 195, 196, 318
483, 180, 181, 319
484, 179, 180, 320
485, 314, 179, 320
486, 180, 319, 320
487, 184, 185, 321
488, 185, 316, 321
489, 187, 188, 322
490, 189, 190, 323
491, 188, 189, 324
492, 322, 188, 324
493, 189, 323, 324
494, 190, 191, 325
495, 190, 325, 323
496, 191, 192, 326
497, 191, 326, 325
498, 192, 193, 327
499, 192, 327, 326
500, 194, 195, 328
501, 196, 197, 329
502, 193, 194, 330
503, 197, 198, 331
504, 205, 206, 332
505, 199, 200, 201
506, 304, 203, 331
507, 201, 202, 333
508, 203, 204, 334
509, 208, 209, 335
510, 211, 212, 336
511, 213, 214, 337
512, 212, 213, 338
513, 336, 212, 338
514, 213, 337, 338
515, 214, 215, 339
516, 214, 339, 337
517, 215, 216, 340
518, 215, 340, 339
519, 216, 217, 341
520, 230, 231, 342
521, 217, 218, 343
522, 220, 221, 344
523, 222, 223, 345
524, 223, 224, 345
525, 233, 234, 346
526, 224, 225, 347
527, 224, 347, 345
528, 232, 233, 348
529, 233, 346, 348
530, 225, 226, 347
531, 228, 229, 349
532, 227, 228, 350
533, 234, 235, 351
534, 234, 351, 346
535, 226, 227, 347
536, 231, 232, 352
537, 342, 231, 352
538, 232, 348, 352
539, 236, 237, 353
540, 235, 236, 354
541, 235, 354, 351
542, 238, 239, 355
543, 239, 240, 356
544, 244, 245, 357
545, 245, 246, 357
546, 242, 243, 358
547, 242, 358, 241
548, 254, 255, 359
549, 357, 358, 244
550, 253, 254, 360
551, 254, 359, 360
552, 247, 248, 361
553, 246, 247, 362
554, 357, 246, 362
555, 247, 361, 362
556, 248, 249, 363
557, 250, 251, 364
558, 263, 264, 365
559, 252, 253, 366
560, 253, 360, 366
561, 256, 257, 367
562, 255, 256, 368
563, 359, 255, 368
564, 256, 367, 368
565, 257, 258, 369
566, 257, 369, 367
567, 258, 259, 370
568, 258, 370, 369
569, 259, 260, 371
570, 259, 371, 370
571, 260, 261, 372
572, 260, 372, 371
573, 262, 263, 373
574, 264, 265, 374
575, 261, 262, 375
576, 265, 266, 376
577, 268, 310, 267
578, 270, 271, 376
579, 271, 272, 377
580, 269, 270, 376
581, 272, 273, 378
582, 276, 277, 379
583, 279, 280, 380
584, 281, 282, 381
585, 280, 281, 382
586, 380, 280, 382
587, 281, 381, 382
588, 282, 283, 383
589, 282, 383, 381
590, 283, 284, 384
591, 283, 384, 383
592, 284, 285, 385
593, 298, 299, 386
594, 285, 286, 387
595, 288, 289, 388
596, 290, 291, 389
597, 291, 292, 389
598, 292, 293, 390
599, 389, 292, 390
600, 293, 294, 390
601, 294, 295, 390
602, 160, 297, 391
603, 296, 160, 391
604, 201, 333, 199
605, 299, 300, 392
606, 299, 392, 386
607, 166, 167, 393
608, 167, 168, 394
609, 168, 169, 395
610, 169, 170, 396
611, 170, 171, 397
612, 171, 172, 398
613, 183, 184, 399
614, 184, 321, 399
615, 173, 174, 400
616, 313, 173, 400
617, 174, 175, 400
618, 186, 187, 401
619, 316, 186, 401
620, 187, 322, 401
621, 204, 205, 402
622, 206, 207, 403
623, 207, 208, 404
624, 208, 335, 404
625, 219, 220, 405
626, 209, 210, 406
627, 209, 406, 335
628, 210, 211, 407
629, 406, 210, 407
630, 211, 336, 407
631, 221, 222, 345
632, 251, 252, 408
633, 252, 366, 408
634, 240, 241, 409
635, 356, 240, 409
636, 241, 358, 409
637, 309, 267, 310
638, 268, 124, 125
639, 273, 274, 410
640, 274, 275, 411
641, 275, 276, 412
642, 276, 379, 412
643, 287, 288, 413
644, 277, 278, 414
645, 277, 414, 379
646, 278, 279, 415
647, 414, 278, 415
648, 279, 380, 415
649, 289, 290, 389
650, 295, 296, 416
651, 309, 310, 269
652, 303, 199, 333
653, 391, 297, 417
654, 296, 391, 418
655, 182, 317, 419
656, 182, 419, 302
657, 176, 177, 315
658, 204, 402, 420
659, 204, 420, 334
660, 317, 183, 399
661, 398, 172, 313
662, 397, 171, 398
663, 195, 318, 421
664, 195, 421, 328
665, 175, 315, 400
666, 395, 169, 422
667, 169, 396, 422
668, 388, 289, 389
669, 181, 302, 398
670, 329, 197, 331
671, 387, 286, 423
672, 286, 311, 423
673, 194, 328, 330
674, 327, 193, 424
675, 193, 330, 424
676, 196, 329, 425
677, 196, 425, 318
678, 284, 385, 384
679, 205, 332, 426
680, 205, 426, 402
681, 266, 309, 269
682, 331, 203, 334
683, 391, 417, 418
684, 202, 46, 304
685, 377, 272, 427
686, 272, 378, 427
687, 219, 405, 349
688, 375, 262, 373
689, 221, 345, 344
690, 353, 237, 428
691, 237, 307, 428
692, 340, 216, 341
693, 341, 217, 429
694, 217, 343, 429
695, 230, 342, 430
696, 230, 430, 306
697, 218, 305, 431
698, 218, 431, 343
699, 264, 374, 365
700, 432, 365, 374
701, 220, 344, 405
702, 251, 408, 364
703, 350, 228, 349
704, 363, 249, 308
705, 354, 236, 353
706, 355, 239, 356
707, 243, 244, 358
708, 361, 248, 363
709, 308, 250, 433
710, 250, 364, 433
711, 263, 365, 434
712, 263, 434, 373
713, 374, 265, 376
714, 372, 261, 435
715, 261, 375, 435
716, 376, 271, 436
717, 374, 376, 436
718, 271, 377, 436
719, 410, 274, 437
720, 274, 411, 437
721, 378, 273, 438
722, 273, 410, 438
723, 287, 413, 418
724, 332, 206, 439
725, 206, 403, 439
726, 331, 198, 304
727, 166, 393, 392
728, 385, 285, 440
729, 285, 387, 440
730, 298, 386, 441
731, 298, 441, 312
732, 311, 287, 418
733, 288, 388, 413
734, 295, 416, 390
735, 417, 297, 442
736, 297, 312, 442
737, 396, 170, 443
738, 170, 397, 443
739, 394, 168, 444
740, 168, 395, 444
741, 393, 167, 394
742, 403, 207, 404
743, 266, 269, 376
744, 411, 275, 412
745, 399, 321, 445
746, 315, 314, 446
747, 400, 315, 446
748, 314, 320, 446
749, 398, 302, 397
750, 313, 400, 446
751, 397, 302, 419
752, 329, 331, 334
753, 325, 326, 447
754, 326, 327, 448
755, 323, 325, 449
756, 325, 447, 449
757, 383, 384, 450
758, 386, 392, 451
759, 392, 393, 451
760, 418, 417, 311
761, 349, 405, 350
762, 375, 373, 452
763, 198, 303, 453
764, 411, 412, 454
765, 337, 339, 455
766, 366, 360, 456
767, 305, 219, 349
768, 347, 227, 457
769, 345, 347, 344
770, 348, 346, 458
771, 349, 229, 459
772, 227, 350, 457
773, 346, 351, 460
774, 346, 460, 458
775, 238, 355, 461
776, 351, 354, 460
777, 307, 238, 461
778, 340, 341, 462
779, 355, 356, 361
780, 358, 357, 409
781, 367, 369, 463
782, 370, 371, 464
783, 361, 363, 355
784, 360, 359, 465
785, 360, 465, 456
786, 202, 304, 453
787, 354, 353, 466
788, 369, 370, 467
789, 463, 369, 467
790, 370, 464, 467
791, 339, 340, 468
792, 339, 468, 455
793, 371, 372, 469
794, 321, 316, 470
795, 412, 379, 471
796, 347, 457, 344
797, 317, 399, 472
798, 311, 417, 423
799, 181, 398, 319
800, 381, 383, 473
801, 383, 450, 473
802, 330, 328, 474
803, 300, 301, 392
804, 389, 390, 388
805, 296, 418, 416
806, 350, 405, 457
807, 329, 334, 475
808, 425, 329, 475
809, 334, 420, 475
810, 301, 166, 392
811, 403, 404, 476
812, 393, 394, 477
813, 398, 313, 319
814, 404, 335, 478
815, 304, 198, 453
816, 364, 408, 479
817, 335, 406, 480
818, 335, 480, 478
819, 408, 366, 481
820, 366, 456, 481
821, 229, 306, 459
822, 384, 385, 482
823, 379, 414, 483
824, 379, 483, 471
825, 457, 405, 344
826, 459, 306, 484
827, 305, 349, 459
828, 307, 461, 485
829, 461, 355, 363
830, 361, 356, 362
831, 319, 313, 320
832, 305, 459, 431
833, 461, 363, 308
834, 461, 308, 485
835, 397, 419, 443
836, 420, 402, 486
837, 402, 426, 486
838, 421, 318, 487
839, 318, 425, 487
840, 422, 396, 488
841, 396, 443, 488
842, 451, 393, 477
843, 448, 327, 489
844, 327, 424, 489
845, 447, 326, 448
846, 323, 449, 490
847, 323, 490, 324
848, 450, 384, 482
849, 322, 324, 491
850, 401, 322, 491
851, 324, 490, 491
852, 404, 478, 476
853, 424, 330, 492
854, 330, 474, 492
855, 371, 469, 464
856, 382, 381, 493
857, 381, 473, 493
858, 386, 451, 494
859, 386, 494, 441
860, 387, 423, 495
861, 426, 332, 496
862, 332, 439, 496
863, 454, 412, 471
864, 414, 415, 497
865, 414, 497, 483
866, 427, 378, 498
867, 378, 438, 498
868, 452, 373, 499
869, 373, 434, 499
870, 479, 408, 481
871, 411, 454, 500
872, 411, 500, 437
873, 337, 455, 501
874, 337, 501, 338
875, 377, 427, 502
876, 428, 307, 485
877, 336, 338, 503
878, 407, 336, 503
879, 338, 501, 503
880, 429, 343, 504
881, 430, 342, 505
882, 432, 374, 436
883, 306, 430, 484
884, 317, 472, 506
885, 340, 462, 468
886, 342, 352, 507
887, 342, 507, 505
888, 320, 313, 446
889, 343, 431, 504
890, 460, 354, 466
891, 352, 348, 508
892, 507, 352, 508
893, 348, 458, 508
894, 485, 308, 433
895, 462, 341, 509
896, 341, 429, 509
897, 409, 357, 362
898, 353, 428, 510
899, 353, 510, 466
900, 362, 356, 409
901, 465, 359, 368
902, 364, 479, 511
903, 364, 511, 433
904, 375, 452, 512
905, 375, 512, 435
906, 434, 365, 513
907, 365, 432, 513
908, 377, 502, 436
909, 470, 316, 514
910, 316, 401, 514
911, 469, 372, 515
912, 372, 435, 515
913, 321, 470, 445
914, 317, 506, 419
915, 459, 484, 431
916, 439, 403, 516
917, 403, 476, 516
918, 410, 437, 517
919, 410, 517, 438
920, 472, 399, 445
921, 418, 413, 416
922, 406, 407, 518
923, 480, 406, 518
924, 407, 503, 518
925, 423, 417, 442
926, 440, 387, 495
927, 474, 328, 519
928, 328, 421, 519
929, 380, 382, 520
930, 415, 380, 520
931, 382, 493, 520
932, 385, 440, 521
933, 385, 521, 482
934, 312, 441, 522
935, 312, 522, 442
936, 444, 395, 523
937, 395, 422, 523
938, 388, 390, 416
939, 477, 394, 524
940, 394, 444, 524
941, 388, 416, 413
942, 202, 453, 333
943, 449, 447, 525
944, 476, 478, 526
945, 495, 423, 442
946, 502, 427, 527
947, 428, 485, 528
948, 510, 428, 528
949, 485, 433, 528
950, 368, 367, 529
951, 465, 368, 529
952, 367, 463, 529
953, 443, 419, 506
954, 430, 505, 530
955, 432, 436, 502
956, 458, 460, 531
957, 506, 472, 532
958, 468, 462, 533
959, 456, 465, 534
960, 455, 468, 535
961, 479, 481, 536
962, 429, 504, 537
963, 484, 430, 530
964, 445, 470, 538
965, 472, 445, 539
966, 504, 431, 484
967, 454, 471, 540
968, 473, 450, 541
969, 447, 448, 542
970, 450, 482, 543
971, 440, 495, 544
972, 451, 477, 545
973, 451, 545, 494
974, 478, 480, 546
975, 478, 546, 526
976, 481, 456, 547
977, 456, 534, 547
978, 460, 466, 548
979, 443, 506, 488
980, 471, 483, 549
981, 471, 549, 540
982, 495, 442, 522
983, 432, 502, 550
984, 432, 550, 513
985, 504, 484, 530
986, 464, 469, 551
987, 486, 426, 552
988, 487, 425, 553
989, 425, 475, 553
990, 525, 447, 542
991, 489, 424, 554
992, 424, 492, 554
993, 476, 526, 555
994, 476, 555, 516
995, 490, 449, 556
996, 449, 525, 556
997, 550, 502, 527
998, 492, 474, 557
999, 474, 519, 557
1000, 496, 439, 558
1001, 439, 516, 558
1002, 493, 473, 559
1003, 473, 541, 559
1004, 527, 427, 498
1005, 422, 488, 560
1006, 426, 496, 552
1007, 497, 415, 520
1008, 453, 303, 333
1009, 498, 438, 561
1010, 499, 434, 562
1011, 434, 513, 562
1012, 500, 454, 563
1013, 454, 540, 563
1014, 501, 455, 564
1015, 455, 535, 564
1016, 534, 465, 529
1017, 533, 462, 565
1018, 462, 509, 565
1019, 530, 505, 566
1020, 531, 460, 548
1021, 506, 532, 488
1022, 468, 533, 535
1023, 508, 458, 567
1024, 458, 531, 567
1025, 509, 429, 537
1026, 529, 463, 568
1027, 534, 529, 568
1028, 463, 467, 568
1029, 505, 507, 569
1030, 505, 569, 566
1031, 479, 536, 570
1032, 479, 570, 511
1033, 512, 452, 571
1034, 452, 499, 571
1035, 435, 512, 572
1036, 435, 572, 515
1037, 466, 510, 573
1038, 466, 573, 548
1039, 504, 530, 537
1040, 514, 401, 491
1041, 433, 511, 528
1042, 470, 514, 574
1043, 470, 574, 538
1044, 464, 551, 575
1045, 532, 472, 539
1046, 483, 497, 576
1047, 483, 576, 549
1048, 464, 575, 467
1049, 561, 438, 517
1050, 517, 437, 577
1051, 437, 500, 577
1052, 545, 477, 524
1053, 551, 469, 578
1054, 469, 515, 578
1055, 543, 482, 579
1056, 482, 521, 579
1057, 541, 450, 543
1058, 519, 421, 580
1059, 421, 487, 580
1060, 539, 445, 538
1061, 522, 441, 581
1062, 441, 494, 581
1063, 440, 544, 521
1064, 523, 422, 560
1065, 444, 523, 582
1066, 420, 486, 583
1067, 475, 420, 583
1068, 524, 444, 582
1069, 546, 480, 584
1070, 536, 481, 547
1071, 448, 489, 585
1072, 448, 585, 542
1073, 480, 518, 584
1074, 540, 549, 586
1075, 491, 490, 587
1076, 514, 491, 587
1077, 490, 556, 587
1078, 526, 546, 588
1079, 560, 488, 532
1080, 552, 496, 589
1081, 510, 528, 590
1082, 503, 501, 591
1083, 518, 503, 591
1084, 501, 564, 591
1085, 531, 548, 592
1086, 497, 520, 593
1087, 576, 497, 593
1088, 520, 493, 593
1089, 525, 542, 594
1090, 507, 508, 595
1091, 569, 507, 595
1092, 508, 567, 595
1093, 509, 537, 596
1094, 575, 551, 597
1095, 532, 539, 598
1096, 544, 495, 599
1097, 527, 498, 600
1098, 550, 527, 601
1099, 527, 600, 601
1100, 560, 532, 602
1101, 532, 598, 602
1102, 544, 599, 603
1103, 539, 538, 604
1104, 583, 486, 605
1105, 582, 523, 606
1106, 524, 582, 607
1107, 475, 583, 553
1108, 494, 545, 608
1109, 494, 608, 581
1110, 536, 547, 609
1111, 561, 517, 610
1112, 545, 524, 611
1113, 608, 545, 611
1114, 524, 607, 611
1115, 584, 518, 591
1116, 521, 544, 612
1117, 541, 543, 613
1118, 547, 534, 614
1119, 537, 530, 615
1120, 596, 537, 615
1121, 530, 566, 615
1122, 535, 533, 616
1123, 546, 584, 617
1124, 546, 617, 588
1125, 513, 550, 618
1126, 562, 513, 618
1127, 550, 601, 618
1128, 467, 575, 568
1129, 528, 511, 590
1130, 498, 561, 600
1131, 523, 560, 606
1132, 486, 552, 605
1133, 487, 553, 619
1134, 487, 619, 580
1135, 514, 587, 574
1136, 554, 492, 620
1137, 492, 557, 620
1138, 555, 526, 621
1139, 526, 588, 621
1140, 556, 525, 622
1141, 525, 594, 622
1142, 557, 519, 623
1143, 600, 561, 624
1144, 558, 516, 625
1145, 559, 541, 626
1146, 541, 613, 626
1147, 589, 496, 558
1148, 510, 590, 573
1149, 499, 562, 627
1150, 563, 540, 628
1151, 540, 586, 628
1152, 564, 535, 629
1153, 535, 616, 629
1154, 521, 612, 579
1155, 565, 509, 596
1156, 511, 570, 590
1157, 593, 493, 559
1158, 567, 531, 630
1159, 531, 592, 630
1160, 552, 589, 631
1161, 615, 566, 632
1162, 616, 533, 633
1163, 533, 565, 633
1164, 570, 536, 634
1165, 536, 609, 634
1166, 571, 499, 627
1167, 512, 571, 635
1168, 572, 512, 635
1169, 610, 517, 577
1170, 607, 582, 636
1171, 582, 606, 636
1172, 597, 551, 637
1173, 551, 578, 637
1174, 534, 568, 638
1175, 568, 575, 638
1176, 575, 597, 638
1177, 605, 552, 631
1178, 566, 569, 632
1179, 548, 573, 639
1180, 548, 639, 592
1181, 500, 563, 640
1182, 544, 603, 612
1183, 539, 604, 598
1184, 594, 542, 641
1185, 542, 585, 641
1186, 604, 538, 642
1187, 538, 574, 642
1188, 549, 576, 643
1189, 549, 643, 586
1190, 577, 500, 640
1191, 578, 515, 644
1192, 515, 572, 644
1193, 560, 602, 606
1194, 495, 522, 599
1195, 599, 522, 581
1196, 624, 561, 645
1197, 561, 610, 645
1198, 623, 519, 580
1199, 599, 581, 603
1200, 489, 554, 646
1201, 489, 646, 585
1202, 583, 605, 647
1203, 584, 591, 648
1204, 617, 584, 648
1205, 591, 564, 648
1206, 553, 583, 647
1207, 613, 543, 649
1208, 543, 579, 649
1209, 609, 547, 614
1210, 614, 534, 638
1211, 516, 555, 625
1212, 600, 624, 650
1213, 558, 625, 651
1214, 627, 562, 652
1215, 562, 618, 652
1216, 576, 593, 653
1217, 593, 559, 653
1218, 631, 589, 654
1219, 615, 632, 655
1220, 615, 655, 596
1221, 635, 571, 656
1222, 572, 635, 657
1223, 610, 577, 658
1224, 605, 631, 659
1225, 640, 563, 660
1226, 563, 628, 660
1227, 612, 603, 661
1228, 601, 600, 650
1229, 565, 596, 662
1230, 633, 565, 662
1231, 596, 655, 662
1232, 638, 597, 663
1233, 574, 587, 664
1234, 587, 556, 664
1235, 602, 598, 665
1236, 647, 605, 659
1237, 557, 623, 666
1238, 557, 666, 620
1239, 571, 627, 656
1240, 603, 581, 667
1241, 661, 603, 667
1242, 581, 608, 667
1243, 573, 590, 668
1244, 553, 647, 619
1245, 623, 580, 669
1246, 577, 640, 658
1247, 590, 570, 668
1248, 609, 614, 670
1249, 598, 604, 671
1250, 598, 671, 665
1251, 589, 558, 651
1252, 614, 638, 672
1253, 670, 614, 672
1254, 638, 663, 672
1255, 588, 617, 673
1256, 579, 612, 674
1257, 632, 569, 675
1258, 606, 602, 676
1259, 636, 606, 676
1260, 602, 665, 676
1261, 625, 555, 677
1262, 555, 621, 677
1263, 659, 631, 678
1264, 656, 627, 679
1265, 621, 588, 673
1266, 622, 594, 680
1267, 648, 564, 629
1268, 627, 652, 679
1269, 559, 626, 653
1270, 585, 646, 681
1271, 585, 681, 641
1272, 628, 586, 682
1273, 612, 661, 674
1274, 629, 616, 683
1275, 663, 597, 684
1276, 597, 637, 684
1277, 592, 639, 685
1278, 630, 592, 685
1279, 654, 589, 651
1280, 595, 567, 686
1281, 567, 630, 686
1282, 569, 595, 675
1283, 633, 730, 616
1284, 631, 654, 678
1285, 634, 609, 687
1286, 609, 670, 687
1287, 611, 607, 688
1288, 572, 657, 644
1289, 610, 658, 689
1290, 610, 689, 645
1291, 637, 578, 690
1292, 578, 644, 690
1293, 640, 660, 691
1294, 640, 691, 658
1295, 639, 573, 668
1296, 554, 620, 692
1297, 601, 650, 693
1298, 601, 693, 618
1299, 642, 574, 664
1300, 580, 619, 669
1301, 643, 576, 653
1302, 556, 622, 664
1303, 647, 659, 694
1304, 646, 554, 692
1305, 666, 623, 695
1306, 594, 641, 680
1307, 617, 648, 696
1308, 648, 629, 696
1309, 619, 647, 697
1310, 669, 619, 697
1311, 647, 694, 697
1312, 607, 636, 698
1313, 607, 698, 688
1314, 649, 579, 674
1315, 655, 632, 699
1316, 608, 611, 700
1317, 667, 608, 700
1318, 611, 688, 700
1319, 613, 649, 701
1320, 625, 677, 702
1321, 625, 702, 651
1322, 671, 604, 703
1323, 604, 642, 703
1324, 673, 617, 696
1325, 586, 643, 682
1326, 650, 624, 704
1327, 635, 656, 705
1328, 635, 705, 657
1329, 632, 675, 699
1330, 624, 645, 704
1331, 626, 613, 706
1332, 613, 701, 706
1333, 623, 669, 695
1334, 656, 679, 707
1335, 621, 673, 708
1336, 682, 643, 709
1337, 650, 704, 710
1338, 674, 661, 711
1339, 678, 654, 712
1340, 685, 639, 713
1341, 630, 685, 714
1342, 622, 680, 715
1343, 661, 667, 716
1344, 711, 661, 716
1345, 667, 700, 716
1346, 659, 678, 717
1347, 649, 674, 718
1348, 644, 657, 719
1349, 620, 666, 720
1350, 620, 720, 692
1351, 677, 621, 721
1352, 621, 708, 721
1353, 695, 669, 722
1354, 570, 634, 668
1355, 628, 682, 723
1356, 694, 659, 717
1357, 660, 628, 723
1358, 646, 692, 724
1359, 680, 641, 725
1360, 701, 649, 718
1361, 696, 629, 683
1362, 654, 651, 726
1363, 704, 645, 727
1364, 664, 622, 715
1365, 652, 618, 693
1366, 643, 653, 709
1367, 675, 595, 686
1368, 679, 652, 728
1369, 652, 693, 728
1370, 639, 668, 713
1371, 665, 671, 729
1372, 683, 616, 730
1373, 699, 675, 731
1374, 655, 699, 732
1375, 655, 732, 662
1376, 642, 664, 715
1377, 666, 695, 733
1378, 666, 733, 720
1379, 653, 626, 709
1380, 673, 696, 734
1381, 696, 683, 734
1382, 695, 722, 735
1383, 682, 709, 736
1384, 650, 710, 693
1385, 669, 697, 722
1386, 670, 672, 737
1387, 684, 637, 738
1388, 637, 690, 738
1389, 681, 646, 724
1390, 674, 711, 718
1391, 678, 712, 739
1392, 641, 681, 725
1393, 685, 713, 740
1394, 663, 684, 741
1395, 663, 741, 672
1396, 630, 714, 686
1397, 678, 739, 717
1398, 695, 735, 733
1399, 709, 626, 706
1400, 719, 657, 742
1401, 687, 670, 737
1402, 644, 719, 690
1403, 692, 720, 743
1404, 692, 743, 724
1405, 689, 658, 744
1406, 658, 691, 744
1407, 691, 660, 745
1408, 677, 721, 746
1409, 677, 746, 702
1410, 668, 634, 747
1411, 713, 668, 747
1412, 634, 687, 747
1413, 673, 734, 708
1414, 723, 682, 736
1415, 694, 717, 748
1416, 715, 680, 749
1417, 680, 725, 749
1418, 714, 685, 740
1419, 665, 729, 750
1420, 665, 750, 676
1421, 645, 689, 727
1422, 642, 715, 703
1423, 688, 698, 751
1424, 679, 728, 752
1425, 656, 707, 705
1426, 701, 718, 753
1427, 726, 651, 702
1428, 697, 694, 748
1429, 712, 654, 726
1430, 700, 688, 754
1431, 716, 700, 754
1432, 688, 751, 754
1433, 704, 727, 755
1434, 660, 723, 756
1435, 660, 756, 745
1436, 732, 699, 757
1437, 731, 675, 686
1438, 729, 671, 758
1439, 671, 703, 758
1440, 704, 755, 710
1441, 701, 753, 759
1442, 701, 759, 706
1443, 683, 730, 760
1444, 683, 760, 734
1445, 699, 731, 757
1446, 657, 705, 742
1447, 636, 676, 761
1448, 698, 636, 761
1449, 676, 750, 761
1450, 633, 662, 762
1451, 730, 633, 762
1452, 662, 732, 762
1453, 707, 679, 752
1454, 712, 726, 763
1455, 693, 710, 728
1456, 737, 672, 741
1457, 739, 712, 764
1458, 725, 681, 765
1459, 740, 713, 766
1460, 713, 747, 766
1461, 717, 739, 767
1462, 732, 757, 768
1463, 732, 768, 762
1464, 721, 708, 769
1465, 690, 719, 770
1466, 755, 727, 771
1467, 748, 717, 767
1468, 752, 728, 772
1469, 751, 698, 773
1470, 698, 761, 773
1471, 691, 745, 774
1472, 691, 774, 744
1473, 681, 724, 775
1474, 681, 775, 765
1475, 705, 707, 776
1476, 714, 740, 777
1477, 753, 718, 778
1478, 726, 702, 779
1479, 702, 746, 779
1480, 703, 715, 749
1481, 727, 689, 780
1482, 718, 711, 778
1483, 720, 733, 781
1484, 720, 781, 743
1485, 742, 705, 776
1486, 731, 686, 714
1487, 733, 735, 782
1488, 710, 755, 783
1489, 719, 742, 784
1490, 719, 784, 770
1491, 707, 752, 785
1492, 709, 706, 736
1493, 723, 736, 786
1494, 723, 786, 756
1495, 757, 731, 787
1496, 735, 722, 788
1497, 708, 734, 789
1498, 769, 708, 789
1499, 734, 760, 789
1500, 728, 710, 783
1501, 736, 706, 759
1502, 731, 714, 787
1503, 738, 690, 770
1504, 764, 712, 763
1505, 684, 738, 790
1506, 741, 684, 790
1507, 725, 765, 791
1508, 740, 766, 792
1509, 740, 792, 777
1510, 767, 739, 793
1511, 739, 764, 793
1512, 711, 716, 754
1513, 687, 737, 794
1514, 746, 721, 795
1515, 721, 769, 795
1516, 742, 776, 796
1517, 724, 743, 797
1518, 724, 797, 775
1519, 755, 771, 798
1520, 703, 749, 758
1521, 722, 697, 799
1522, 747, 687, 794
1523, 749, 725, 791
1524, 748, 767, 800
1525, 727, 780, 771
1526, 750, 729, 801
1527, 751, 773, 802
1528, 730, 762, 803
1529, 760, 730, 803
1530, 762, 768, 803
1531, 774, 745, 804
1532, 745, 756, 804
1533, 748, 800, 799
1534, 689, 744, 780
1535, 755, 798, 783
1536, 776, 707, 785
1537, 742, 796, 784
1538, 753, 778, 805
1539, 726, 779, 763
1540, 788, 722, 799
1541, 757, 787, 806
1542, 757, 806, 768
1543, 748, 799, 697
1544, 781, 733, 782
1545, 753, 805, 807
1546, 753, 807, 759
1547, 782, 735, 808
1548, 737, 741, 809
1549, 741, 790, 809
1550, 752, 772, 810
1551, 736, 759, 786
1552, 785, 752, 810
1553, 729, 758, 801
1554, 735, 788, 808
1555, 794, 737, 809
1556, 790, 738, 811
1557, 801, 758, 812
1558, 791, 765, 813
1559, 711, 754, 814
1560, 793, 764, 815
1561, 744, 774, 816
1562, 796, 776, 817
1563, 765, 775, 813
1564, 798, 771, 818
1565, 764, 763, 819
1566, 809, 790, 820
1567, 747, 794, 766
1568, 802, 773, 821
1569, 800, 767, 822
1570, 771, 780, 823
1571, 772, 728, 783
1572, 808, 788, 824
1573, 751, 802, 814
1574, 799, 800, 788
1575, 780, 744, 816
1576, 805, 778, 825
1577, 714, 777, 787
1578, 763, 779, 826
1579, 783, 798, 827
1580, 779, 746, 828
1581, 743, 781, 829
1582, 743, 829, 797
1583, 754, 751, 814
1584, 794, 809, 830
1585, 776, 785, 817
1586, 810, 772, 831
1587, 767, 793, 822
1588, 786, 759, 807
1589, 781, 782, 832
1590, 781, 832, 829
1591, 770, 784, 833
1592, 773, 761, 834
1593, 821, 773, 834
1594, 761, 750, 834
1595, 750, 801, 834
1596, 785, 810, 815
1597, 756, 786, 835
1598, 784, 796, 836
1599, 738, 770, 811
1600, 766, 794, 830
1601, 788, 800, 824
1602, 787, 777, 837
1603, 787, 837, 806
1604, 770, 833, 811
1605, 792, 766, 830
1606, 801, 812, 838
1607, 791, 813, 839
1608, 711, 814, 778
1609, 777, 792, 837
1610, 805, 825, 840
1611, 795, 769, 841
1612, 774, 804, 842
1613, 801, 838, 834
1614, 796, 817, 843
1615, 746, 795, 828
1616, 813, 775, 844
1617, 775, 797, 845
1618, 775, 845, 844
1619, 818, 771, 823
1620, 764, 819, 815
1621, 809, 820, 846
1622, 809, 846, 830
1623, 758, 749, 847
1624, 772, 783, 831
1625, 758, 847, 812
1626, 805, 840, 848
1627, 805, 848, 807
1628, 789, 760, 849
1629, 760, 803, 849
1630, 827, 798, 850
1631, 825, 778, 814
1632, 814, 802, 825
1633, 823, 780, 816
1634, 786, 807, 848
1635, 826, 779, 828
1636, 820, 790, 811
1637, 819, 763, 826
1638, 816, 774, 842
1639, 817, 785, 815
1640, 768, 806, 851
1641, 822, 793, 852
1642, 802, 821, 825
1643, 768, 851, 803
1644, 833, 784, 836
1645, 782, 808, 853
1646, 804, 756, 835
1647, 836, 796, 843
1648, 749, 791, 847
1649, 847, 791, 839
1650, 798, 818, 850
1651, 782, 853, 832
1652, 769, 789, 854
1653, 841, 769, 854
1654, 789, 849, 854
1655, 810, 831, 852
1656, 786, 848, 835
1657, 852, 793, 815
1658, 810, 852, 815
1659, 839, 813, 855
1660, 850, 818, 824
1661, 803, 851, 849
1662, 840, 825, 821
1663, 795, 841, 856
1664, 817, 815, 819
1665, 834, 838, 821
1666, 828, 795, 856
1667, 847, 839, 812
1668, 831, 783, 827
1669, 800, 822, 857
1670, 821, 838, 840
1671, 806, 837, 858
1672, 806, 858, 851
1673, 813, 844, 855
1674, 823, 816, 853
1675, 842, 804, 859
1676, 849, 851, 860
1677, 854, 849, 860
1678, 851, 858, 860
1679, 823, 853, 808
1680, 840, 838, 861
1681, 823, 808, 818
1682, 853, 816, 832
1683, 811, 833, 862
1684, 820, 811, 863
1685, 811, 862, 863
1686, 797, 829, 845
1687, 837, 792, 864
1688, 858, 837, 864
1689, 792, 830, 864
1690, 831, 827, 865
1691, 852, 831, 865
1692, 827, 850, 865
1693, 819, 826, 843
1694, 822, 852, 865
1695, 812, 839, 838
1696, 829, 832, 842
1697, 816, 842, 832
1698, 833, 836, 866
1699, 836, 843, 867
1700, 866, 836, 867
1701, 843, 826, 867
1702, 835, 848, 868
1703, 819, 843, 817
1704, 829, 842, 859
1705, 835, 868, 869
1706, 856, 841, 870
1707, 833, 866, 862
1708, 844, 845, 869
1709, 846, 820, 863
1710, 857, 822, 865
1711, 818, 808, 824
1712, 848, 840, 861
1713, 844, 869, 868
1714, 835, 869, 804
1715, 800, 857, 824
1716, 864, 830, 846
1717, 848, 861, 868
1718, 841, 854, 871
1719, 870, 841, 871
1720, 854, 860, 871
1721, 828, 856, 866
1722, 838, 839, 861
1723, 826, 828, 867
1724, 867, 828, 866
1725, 862, 866, 856
1726, 869, 845, 859
1727, 846, 863, 872
1728, 859, 804, 869
1729, 855, 844, 868
1730, 861, 839, 855
1731, 864, 846, 872
1732, 855, 868, 861
1733, 850, 824, 857
1734, 829, 859, 845
1735, 860, 858, 872
1736, 858, 864, 872
1737, 865, 850, 857
1738, 862, 870, 863
1739, 872, 863, 871
1740, 856, 870, 862
1741, 872, 871, 860
1742, 871, 863, 870

** Define element set Eall
*ELSET, ELSET=Eall
Efaces
